Workbook

Sheet Deckblatt
A1: WHITE GLOSS DETAILING · Produktion-Audit Abschlussbericht
A3: Technischer Audit von white-gloss.de und White-Gloss/glanz-buchung-meister. Keine anwaltliche Freigabe. Keine erfundenen Register- oder Steuerangaben. Status nur PASS / FAIL / BLOCKED / MANUAL CHECK REQUIRED.
A5: Projekt | B5: WHITE GLOSS DETAILING
A6: Repository | B6: White-Gloss/glanz-buchung-meister
A7: Live-Domain | B7: https://white-gloss.de
A8: Vorgänger-PR | B8: https://github.com/White-Gloss/glanz-buchung-meister/pull/99 (merged) + main bfb3aab
A9: Dieser Stand | B9: Branch fix/admin-operator-allowlist — Allowlist, Same-Site, Bericht
A11: EINGABEN (gelb = nach Deploy dieses Nachzugs aktualisieren)
A12: Auditdatum | B12: 2026-08-31
A13: Main-SHA vor diesem PR | B13: bfb3aab8b514b609cac057281ac6053f1c697e5c
A14: Live-SHA jetzt | B14: bfb3aab (Login-Text live: keine öffentliche Registrierung)
A15: Code-Fix PR 99 | B15: c3f24750e3503d4467b29269cbc39916f5223111
A16: Dieser PR (Allowlist) | B16: Branch fix/admin-operator-allowlist — SHA im PR nach Push
A17: Live = dieser PR? | B17: NEIN — Google/X-Konto ohne @white-gloss.de hat auf Live noch volles Panel
A19: KENNZAHLEN AUS DER AUDITMATRIX (Formeln)
E20: Status | F20: Anzahl
A21: Punkte gesamt | B21: =COUNTA(Auditmatrix!A6:A50)-COUNTIF(Auditmatrix!A6:A50,"") | E21: PASS | F21: =COUNTIF(Auditmatrix!H6:H50,"PASS")
A22: PASS | B22: =F21 | E22: FAIL | F22: =COUNTIF(Auditmatrix!H6:H50,"FAIL")
A23: FAIL | B23: =F22 | E23: BLOCKED | F23: =COUNTIF(Auditmatrix!H6:H50,"BLOCKED")
A24: BLOCKED | B24: =F23 | E24: MANUAL CHECK REQUIRED | F24: =COUNTIF(Auditmatrix!H6:H50,"MANUAL CHECK REQUIRED")
A25: MANUAL CHECK REQUIRED | B25: =F24
A26: Anteil PASS | B26: =IF(B21=0,0,B22/B21)
A27: Offen (FAIL+BLOCKED+MANUAL) | B27: =B23+B24+B25
A28: Live entspricht diesem PR? | B28: NEIN
A30: Lokal nachgewiesene Qualitätstore
A31: npm test | B31: PASS 33/33 (pickup, ops, contrast, rate-limit, gate-identity, operator)
A32: npm run typecheck | B32: PASS
A33: npm run lint | B33: PASS (0 errors, 4 vorbestehende warnings)
A34: npm run build | B34: PASS
A35: Browser Skip-Link / Maps 2-Klick / Login ohne Signup / Formular HTML5 | B35: PASS
A36: smoke:production gegen Live | B36: Signup-UI live PASS (bfb3aab). Allowlist noch nicht live.
A38: PR 99 und main bfb3aab liegen auf IONOS: ODR weg, 10 km kostenlos, kein wg-cookie, Maps nach Klick, Queue=queued, Login ohne Registrieren, kein Auto-WhatsApp an Kunden. Dieser PR schließt das verbleibende P0: jedes Google/X-Konto hätte sonst volles Panel.

Sheet Auditmatrix
A1: Auditmatrix · jeder Punkt mit nachgewiesenem Status
A3: Spalte H nur die vier Statuswerte. Deckblatt zählt per COUNTIF. PR 99 (c3f2475) und bfb3aab sind live. Dieser PR (operatorMiddleware, Same-Site, Bericht) ist lokal, live noch ohne Allowlist.
A5: Nr | B5: Bereich | C5: Fehler | D5: Ursache | E5: Lösung | F5: Dateien | G5: Test | H5: Ergebnis | I5: Bemerkung
A6: 1 | B6: Impressum / ODR | C6: Toter EU-OS-/ODR-Link | D6: Plattform seit 20.07.2025 eingestellt | E6: Link weg. VSBG-Satz belassen. OS-Plattform nicht mehr betrieben. Keine USt-IdNr. erfunden. | F6: impressum.tsx; smoke-production.mjs | G6: Live 31.08.2026: kein ec.europa.eu/consumers/odr; VSBG-Satz da; Stand 31.08.2026 | H6: PASS | I6: Anwalt VSBG/BFSG und USt-IdNr. bleiben MANUAL.
A7: 2 | B7: Abholpreise | C7: Mehrere hartcodierte Staffeln; Live hatte 20 € bis 10 km | D7: Texte drifteten von der Logik | E7: pickupPricing einzige Tabelle. 10 km = 0. Helper pickupFee/PriceText/TierSummary. Server quoteTotal. | F7: site.ts; pickup.test.ts; configurator.tsx | G7: npm test pickup 6/6; Live /preise: bis 10 km kostenlos, 20 km 50 €, 50 km 70 € | H7: PASS | I7: City-Blurbs mit Prosa-Beträgen; Test bricht bei Drift. Alte 20-€-Staffel verboten.
A8: 3 | B8: Fotoanfrage | C8: Text: Dateien im Betrieb; Code: nur Namen | D8: Kein Upload-Backend | E8: Variante A: ehrliche Copy. Inbox enthält Name+Telefon+Dateinamen. Kein produktiver Upload. | F8: photo-inquiry.tsx; bookings.functions.ts; datenschutz.tsx | G8: Live /dellen: nicht hochgeladen + Dateinamen; kein Alt-Satz | H8: PASS | I8: File-Picker bleibt UX-Hinweis, kein Upload.
A9: 4 | B9: Datenschutz | C9: Behauptungen ≠ Code | D9: Texte vorgezogen; Kunden-WA noch gequeued | E9: Nur IONOS, kein Marketing-Cookie, Maps nach Klick, Foto=Namen. Kunden-WA aus Confirm-Queue entfernt. Instagram-Satz ergänzt. | F9: datenschutz.tsx; ops.ts | G9: Lokal: kein Auto-WA-Ziel mehr; Live-Text noch alter Stand bis Nachzug-Deploy | H9: PASS | I9: Code-PASS. Live-Datenschutz sagt schon „nicht aktiv“ — jetzt auch die Queue.
A10: 5 | B10: Cookie / localStorage | C10: wg-cookie ohne Zweck | D10: Banner nur Kenntnisnahme | E10: CookieNotice und wg-cookie entfernt. Login-Session unangetastet. | F10: site-chrome.tsx; datenschutz.tsx | G10: Live und lokal: kein Banner, kein wg-cookie | H10: PASS
A11: 6 | B11: Maps 2-Klick | C11: Button unklar / Google vor Klick | D11: Iframe schon am Klick, Label knapp | E11: «Google Maps laden – dabei werden Daten an Google übertragen». Vorher 0 iframe. | F11: workshop-map.tsx; security-headers.ts | G11: Playwright/agent-browser: iframes=0, nach Klick Google-Embed. DNS-Prefetch off. | H11: PASS | I11: HAR nach Deploy manuell nur noch zur Bestätigung.
A12: 7 | B12: Owner-Notify WhatsApp | C12: Ziel booking.phone | D12: Empfänger mit Kundenkanal vermischt | E12: OWNER_* bzw. Impressum. Filter booking.phone. Kunden-Confirm ohne WhatsApp-Queue. | F12: ops.ts; ops.test.ts | G12: Unit-Tests nie Kunden-Tel als Owner; Confirm ohne WA-Kanal | H12: PASS | I12: Kein produktiver WA-Adapter.
A13: 8 | B13: outbound_queue Status | C13: status=sent ohne Versand | D13: queueChannel hardcodierte sent | E13: OUTBOUND_QUEUED=queued. | F13: ops.ts; bookings.functions.ts; admin.functions.ts | G13: Kein sent-Writer in src/ | H13: PASS
A14: 9 | B14: E-Mail-Fallback | C14: email||phone im Mailkanal | D14: Keine Kanalvalidierung | E14: isEmailAddress. Ack/Erinnerung nur mit Mail. Telefon nie in E-Mail-Feld. | F14: utils.ts; ops.ts; bookings.functions.ts | G14: ops.test ohne Mail kein E-Mail-Ziel und kein WA-Ziel | H14: PASS
A15: 10 | B15: Spam-Schutz | C15: Nur Zod | D15: Keine Drossel/Honeypot/Origin | E15: IP-Limiter + Honeypot website + assertSameSiteRequest auf öffentlichen POSTs. | F15: rate-limit.ts; bookings.functions.ts; admin.functions.ts; isolation.server.ts | G15: rate-limit.test 2/2; Same-Site auf booking/photo/operator | H15: PASS | I15: In-Memory, ein VPS. Sec-Fetch-Site fehlt bei manchen Clients — dann durchgelassen.
A16: 11 | B16: WCAG Kontrast | C16: #c45c4a unter 4,5:1 | D16: Zu dunkel auf dark | E16: --color-danger #d97868. Token-Test für danger/muted/subtle auf bg/surface/elevated. | F16: styles.css; contrast.ts; contrast.test.ts | G16: contrast.test 2/2; Skip-Link Tab+Enter → #main-content | H16: PASS | I16: Login hat jetzt id=main-content.
A17: 12 | B17: Lighthouse CI | C17: Nicht bei Frontend-Änderungen | D17: Nur main, kein Artefakt-Pin, server/** fehlte | E17: paths inkl. server/**; PR+main; upload-artifact pin; A11y 0,95 error. | F17: lighthouse-audit.yml; lighthouserc.*.cjs | G17: YAML-Review | H17: PASS | I17: CI trifft Live-URL, nicht PR-Preview. Median 3× nach Deploy MANUAL.
A18: 13 | B18: Production-Smoke | C18: Zu wenige Seiten / keine Altlasten | D18: Keine Verbote für ODR, 20-€-Staffel, Signup | E18: Rechtsseiten, B2B, Luxus, Qualität, Zustand, Dellen. Verbote ODR / whitegloss.de / Alt-Upload / 10 km 20 / Registrieren. Preise 149/349/899. | F18: smoke-production.mjs | G18: Live: Signup-UI weg. Script prüft zusätzlich 10-km-20 und 149/349/899. | H18: PASS | I18: Allowlist ist kein HTML-Snippet — Nr. 23 bleibt FAIL bis Deploy.
A19: 14 | B19: Security-Header / CSP | C19: Grok-Skript blockiert; DNS-Prefetch on | D19: script-src ohne grok.com; Prefetch-Header on | E19: script-src + connect-src https://grok.com (PWA-Injektor). X-DNS-Prefetch-Control off. unsafe-inline/eval unverändert (Framework). | F19: server/security-headers.ts | G19: Lokal Header: dns-prefetch off; grok.com in CSP. Live noch alter Header bis Nachzug. | H19: PASS | I19: Nonce-CSP Folgeauftrag. unsafe-* nicht als behoben verkauft.
A20: 15 | B20: Admin / Agent Auth | C20: Öffentliche Selbstregistrierung = volles Panel | D20: email signup an, Google/X ohne Allowlist, nur if (!user) | E20: disableSignUp immer (nicht nur production). Login ohne Registrieren (bfb3aab live). operatorMiddleware + Allowlist @white-gloss.de / OWNER_EMAIL / ADMIN_EMAILS. n<=1 Bootstrap. UI „Kein Betriebszugang“. | F20: email-password.ts; server.ts; login.tsx; operator.ts; admin.tsx; *functions.ts | G20: operator.test 4/4; lokal /login ohne Registrieren; typecheck | H20: PASS | I20: In Produktion Enforce an. Google-Gmail des Inhabers in ADMIN_EMAILS, sobald >1 User. Live noch ohne Allowlist — siehe Nr. 23.
A21: 16 | B21: Sitemap / SEO | C21: 200, Canonical, keine old domain | D21: Bestand 0f386ef + PR 99 | E21: Rechtstexte indexierbar. Smoke prüft noindex-Widerspruch. | F21: seo.ts; smoke-production.mjs | G21: Live 181 URLs indexierbar | H21: PASS
A22: 17 | B22: Strukturierte Daten | C22: Keine Fake-Sterne | D22: Bestand LocalBusiness/FAQ | E22: Kein aggregateRating erfunden. | F22: seo.ts; faq.tsx | G22: Code-Review | H22: PASS | I22: Rich-Results Search Console MANUAL.
A23: 18 | B23: Formulare + Serverpreis | C23: Browserpreis darf nicht gelten; on-request als 0 gespeichert | D23: IDs müssen serverseitig rechnen; pickup null → 0 | E23: assertKnownPricing. total_cents aus quoteTotal. Bei pickupOnRequest Notiz „Preis nicht im Gesamtbetrag“. Honeypot+Limit+Same-Site. | F23: bookings.functions.ts; site.ts; configurator.tsx | G23: pickup.test Sindelfingen on-request; HTML5 required Name/Datenschutz | H23: PASS | I23: UI-Negativmatrix nicht vollständig geklickt (MANUAL Rest).
A24: 19 | B24: Keine Fake-Funktion / ERPNext | C24: sent ohne Adapter; keine Zoho | D24: Queue-Status + Strategie | E24: queued. Kunden-WA nicht mehr vorgemerkt. ERPNext unangetastet. Kein Zoho. | F24: ops.ts; admin.functions.ts | G24: Diff-Review | H24: PASS
A25: 20 | B25: Datenbank / Löschen | C25: PII-Dopplung, Aufbewahrung | D25: customers+bookings; Foto=Name | E25: Datenschutz Speicherdauer. Kein Auto-Delete von Belegen. | F25: datenschutz.tsx; bookings.functions.ts | G25: Code: Namen, keine Löschjobs | H25: MANUAL CHECK REQUIRED | I25: VVT/Löschkonzept Anwalt/Inhaber.
A26: 21 | B26: USt-IdNr / Register | C26: Mögliche Pflichtangaben | D26: Im Repo nicht belegt | E26: Nichts erfunden. | F26: impressum.tsx | G26: Repo ohne belegte USt-IdNr/HR/W-IdNr | H26: MANUAL CHECK REQUIRED | I26: Falls vorhanden nachreichen.
A27: 22 | B27: VSBG / BFSG | C27: Passt der Satz rechtlich? | D27: Schwellen nicht im Code | E27: Standard-Satz für nicht verpflichtete Unternehmer belassen. Keine Rechtsberatung. | F27: impressum.tsx | G27: Text da; Passgenauigkeit nicht code-testbar | H27: MANUAL CHECK REQUIRED | I27: Anwalt.
A28: 23 | B28: Live vs Allowlist-PR | C28: Google/X-Konto = volles Panel auf Live | D28: authMiddleware prüft nur Session, keine Betreiber-E-Mail | E28: Nicht behaupten, die Allowlist sei live. bfb3aab hat nur die Signup-UI geschlossen. | F28: operator.ts; operator-middleware.ts | G28: Live /login 31.08.2026: keine Registrieren-UI. Admin-APIs ohne Allowlist. | H28: FAIL | I28: Nach Deploy dieses PR: Fremdkonto muss „Kein Betriebszugang“ sehen.
A29: 24 | B29: Formulare UI-Fehlerfälle | C29: Leere Felder, oversize, Fake-IDs | D29: Server steht, UI nicht voll geklickt | E29: Zod-Limits, Honeypot, known IDs, HTML5 required. | F29: bookings.functions.ts; configurator; photo-inquiry | G29: Leer-Submit: native required Name + Datenschutz. Rest unvollständig. | H29: MANUAL CHECK REQUIRED
A30: 25 | B30: Tastatur Rest-AA | C30: Menü, Slider, 200%-Zoom | D30: Auftrag volle Matrix | E30: Skip-Link PASS (Tab+Enter → main-content). Kontrast PASS. Login Skip-Target ergänzt. | F30: site-chrome.tsx; login.tsx | G30: agent-browser Tab/Enter | H30: MANUAL CHECK REQUIRED | I30: Slider/Zoom/SR Folgecheck.
A31: 26 | B31: Lighthouse 3× | C31: Median Start/Preise/Leistungen/Abhol | D31: Nicht gegen Branch gemessen | E31: Workflow 3 runs, Assertions vorbereitet. | F31: lighthouserc.*.cjs | G31: Nicht 3× gegen diesen Nachzug gelaufen | H31: MANUAL CHECK REQUIRED | I31: Kein Cherry-Pick des besten Laufs.
A32: 27 | B32: CWV Feld | C32: LCP/INP/CLS Feld | D32: Keine CrUX-Abfrage | E32: AVIF/WebP, Fonts, lazy Configurator nicht zerstört. | F32: media-src.ts; styles.css | G32: Keine Feldmessung | H32: MANUAL CHECK REQUIRED | I32: Search Console nach Deploy.
A33: 28 | B33: Maps HAR Live | C33: Vor Klick keine Google-Requests | D33: Nur Code + Browser-DOM | E33: iframe nur nach Klick. DNS-Prefetch off. Keine Google-Fonts. | F33: workshop-map.tsx; security-headers.ts | G33: agent-browser: 0 iframe, danach Google-Embed-URL | H33: PASS | I33: Volles HAR in DevTools nach Deploy empfohlen, nicht mehr blockierend.
A34: 29 | B34: Operator-PIN | C34: Default WG-BETRIEB öffentlich | D34: Default im Code/DB | E34: Inbound und setOperatorPin lehnen Default ab. Panel hinter operatorMiddleware. | F34: admin.functions.ts; api.operator.ts | G34: Default-PIN return vor executeParsed | H34: PASS | I34: Eigenen PIN setzen bleibt MANUAL.
A35: 30 | B35: Outbound wirklich senden | C35: queued nicht als sent verkaufen | D35: Kein bestätigter Sender | E35: Status queued. Kein Kunden-WA. Kein neuer WA-API-Call. | F35: ops.ts | G35: insert queued; Confirm ohne WA | H35: PASS | I35: Worker später: sent/failed.
A36: 31 | B36: Regression Build/Routen | C36: test/typecheck/lint/build/Routen | D36: Pflicht nach Fixes | E36: 33/33, tsc, eslint 0 err, lokale Routen 200. | F36: package.json; Diff | G36: Kommandos Exit 0 | H36: PASS
A37: 32 | B37: CSP unsafe-* Rest | C37: unsafe-inline/eval | D37: Framework | E37: Nicht aufgeweicht außer grok.com Host. Nicht als behoben verkauft. | F37: security-headers.ts | G37: Diff: grok.com + dns-prefetch off | H37: MANUAL CHECK REQUIRED | I37: Nonce-Folgeauftrag.
A38: 33 | B38: Rate-Limit Multi-Instanz | C38: In-Memory Map | D38: Ein Node auf VPS | E38: Einfach, ohne Captcha. | F38: rate-limit.ts | G38: 4. Request blockiert | H38: PASS | I38: Mehrere Nodes: Limit nicht global.
A39: 34 | B39: Kein Merge / keine Secrets | C39: .env und Prod-Push | D39: Arbeitsregel | E39: Nachzug nicht ungefragt auf IONOS. .env nicht im Commit. | F39: git status | G39: status ohne .env | H39: PASS
A40: 35 | B40: Abholung auf Anfrage | C40: Sindelfingen 52 km als 0 € gespeichert | D40: pickup null coalesced to 0 | E40: Notiz an Buchung und Inbox. pickupOnRequest im quote. Configurator nutzt pickupPriceText. | F40: bookings.functions.ts; configurator.tsx; pickup.test.ts | G40: pickup.test on-request | H40: PASS | I40: pickup_cents bleibt 0 wegen NOT NULL — Notiz macht es sichtbar.
A41: Summen (Formel) | H41: =COUNTA(H6:H40)

Sheet Qualitaetstore
A1: Qualitätstore — nur was wirklich gelaufen ist
A3: Keine PASS-Behauptung ohne Kommando oder Browserbeleg. Lighthouse-3er-Median dieses Nachzugs wurde nicht gemessen.
A5: Nr | B5: Gate | C5: Kommando / Methode | D5: Umgebung | E5: Ergebnis | F5: Beleg
A6: 1 | B6: Unit-Tests | C6: npm test | D6: Dieser PR lokal | E6: PASS | F6: 33/33 pickup, ops, contrast, rate-limit, gate-identity, operator
A7: 2 | B7: TypeScript | C7: npm run typecheck | D7: Nachzug lokal | E7: PASS | F7: tsc --noEmit Exit 0
A8: 3 | B8: Lint | C8: npm run lint | D8: Nachzug lokal | E8: PASS | F8: 0 errors, 4 vorbestehende warnings
A9: 4 | B9: Production Build | C9: npm run build | D9: Nachzug lokal | E9: PASS | F9: Vite client+SSR, Nitro
A10: 5 | B10: Lokale Routen | C10: HTTP GET Home/Login/Impressum | D10: Dev :8080 | E10: PASS | F10: kein ODR, kein Signup, DNS-Prefetch off, 10 km kostenlos
A11: 6 | B11: Live-Smoke PR 99 + bfb3aab | C11: npm run smoke:production | D11: white-gloss.de | E11: PASS | F11: Signup-UI weg. ODR/Upload/wg-cookie weg. 10 km kostenlos. Allowlist nicht per HTML prüfbar
A12: 7 | B12: Skip-Link | C12: Tab + Enter | D12: Preview | E12: PASS | F12: Fokus #main-content
A13: 8 | B13: Cookie-Banner | C13: DOM | D13: Preview + Live | E13: PASS | F13: Kein Hinweis
A14: 9 | B14: Maps 2-Klick | C14: DOM iframe count | D14: Preview | E14: PASS | F14: 0 iframe, nach Klick Google-Embed
A15: 10 | B15: Impressum | C15: Live curl + Browser | D15: white-gloss.de + Preview | E15: PASS | F15: kein ODR, VSBG, OS nicht betrieben
A16: 11 | B16: Preise | C16: Live curl + Browser | D16: white-gloss.de + Preview | E16: PASS | F16: Staffel 10/20/50 km kostenlos/50/70, Keramik 60 km
A17: 12 | B17: Login Signup-UI | C17: Browser + Smoke | D17: Preview + Live | E17: PASS | F17: Kein Registrieren. Google/X bleiben für den Inhaber.
... A21: 16 | B21: Live = Allowlist-PR | C21: Inhalt vs Code | D21: white-gloss.de | E21: FAIL | F21: Live = bfb3aab, ohne operatorMiddleware
A24: PASS-Gates | B24: =COUNTIF(E6:E21,"PASS")
A25: FAIL-Gates | B25: =COUNTIF(E6:E21,"FAIL")
A26: MANUAL | B26: =COUNTIF(E6:E21,"MANUAL CHECK REQUIRED")

Sheet Offene_Punkte
A1: Offene manuelle Punkte — nichts davon erfunden
A5: Nr | B5: Thema | C5: Warum offen | D5: Wer | E5: Nächster Schritt | F5: Status
A6: 1 | B6: USt-IdNr. | C6: Im Repo nicht belegt | D6: Inhaber / Steuerberatung | E6: Nur eintragen wenn vorhanden. | F6: MANUAL CHECK REQUIRED
A7: 2 | B7: Wirtschafts-ID | C7: Nicht im Repo | D7: Inhaber | E7: Nur nach Zuteilung. | F7: MANUAL CHECK REQUIRED
A8: 3 | B8: Handelsregister | C8: Einzelunternehmen, nicht belegt | D8: Inhaber | E8: Nur wenn eingetragen. | F8: MANUAL CHECK REQUIRED
A9: 4 | B9: VSBG-Pflicht | C9: Schwellen unbekannt | D9: Anwalt | E9: Satz prüfen. OS-Hinweis faktisch korrekt. | F9: MANUAL CHECK REQUIRED
A10: 5 | B10: BFSG | C10: Geltung abhängig von Größe | D10: Anwalt | E10: Technisch AA; Rechtspflicht klären. | F10: MANUAL CHECK REQUIRED
A11: 6 | B11: Operator-PIN | C11: Default wird abgelehnt | D11: Inhaber im Panel | E11: Eigenen PIN ≠ WG-BETRIEB setzen. | F11: MANUAL CHECK REQUIRED
A12: 7 | B12: ADMIN_EMAILS | C12: Google-Konto des Inhabers unbekannt | D12: Inhaber / Hosting | E12: Falls mehr als ein Auth-User: Google-Adresse in ADMIN_EMAILS. | F12: MANUAL CHECK REQUIRED
A13: 8 | B13: Allowlist-Deploy | C13: Google/X ohne Allowlist = Panel | D13: Inhaber | E13: Diesen PR mergen, IONOS deployen. ADMIN_EMAILS setzen falls Inhaber-Google ≠ @white-gloss.de. | F13: FAIL
A14: 9 | B14: Lighthouse-Median | C14: Nicht 3× gegen Nachzug | D14: CI | E14: Nach Deploy, keinen Bestlauf cherrypicken. | F14: MANUAL CHECK REQUIRED
A15: 10 | B15: AVV IONOS/Meta/Google | C15: Verträge nicht im Repo | D15: Inhaber | E15: AVV/TOMs vorhalten. | F15: MANUAL CHECK REQUIRED
A16: 11 | B16: Löschkonzept / VVT | C16: Nur generische Speicherdauer | D16: Datenschutz | E16: Anfrage vs. Belegfristen trennen. | F16: MANUAL CHECK REQUIRED
A17: 12 | B17: CSP ohne unsafe-* | C17: Framework | D17: Entwicklung | E17: Nonce-Folgeauftrag. | F17: MANUAL CHECK REQUIRED
A18: 13 | B18: Outbound-Worker | C18: Kein Sender | D18: Entwicklung | E18: queued bis Adapter echt sendet. Kunden-WA bewusst nicht queue. | F18: PASS
A20: Offen (MANUAL+FAIL) | B20: =COUNTIF(F6:F18,"MANUAL CHECK REQUIRED")+COUNTIF(F6:F18,"FAIL")

Sheet Risiken
A1: Verbleibende Risiken nach diesem Nachzug
A5: ID | B5: Risiko | C5: Schwere | D5: Wahrscheinlichkeit | E5: Mitigation | F5: Rest
A6: R1 | B6: Live: jedes Google/X-Konto sieht Kundendaten bis Allowlist-Deploy | C6: hoch | D6: sicher bis Deploy | E6: operatorMiddleware in diesem PR | F6: Mergen+deployen; ADMIN_EMAILS
A7: R2 | B7: Inhaber-Google ≠ @white-gloss.de und >1 User → Zugangssperre | C7: mittel | D7: wenn zweites Konto existiert | E7: ADMIN_EMAILS setzen; n<=1 Bootstrap | F7: Env nach erstem Login prüfen
A8: R3 | B8: Operator-Webhook nur PIN | C8: hoch | D8: mittel | E8: Default tot, Rate-Limit, Same-Site, eigener PIN | F8: PIN < Session-Auth
A9: R4 | B9: CSP unsafe-inline/eval | C9: mittel | D9: bestehend | E9: Nicht weiter aufgeweicht; grok.com Host ergänzt | F9: XSS-Oberfläche
A10: R5 | B10: In-Memory Rate-Limit | C10: niedrig-mittel | D10: Multi-Prozess | E10: pro Node wirksam | F10: verteilt umgehbar
A11: R6 | B11: Keine echte Mail/WA-Zustellung | C11: mittel | D11: sicher | E11: Status queued, keine Kunden-WA-Queue | F11: Kunde ohne Auto-Mail wenn Worker fehlt
A12: R7 | B12: Fotoanfrage ohne Dateiinhalt | C12: niedrig | D12: sicher | E12: Ehrliche UI Variante A | F12: Zweiter Kanal nötig
A13: R8 | B13: Impressum ohne USt-IdNr falls pflichtig | C13: mittel | D13: unbekannt | E13: Nicht erfunden | F13: Steuer/Anwalt
A14: R9 | B14: LHCI testet Live, nicht PR | C14: niedrig | D14: sicher | E14: Netz nach Merge | F14: PR kann wegen alter Live rot werden
A15: R10 | B15: Same-Site-Header fehlt bei alten Clients | C15: niedrig | D15: selten | E15: assertSameSiteRequest lässt Requests ohne Sec-Fetch-Site durch | F15: Honeypot+Rate-Limit bleiben

Sheet Kontrast
A1: WCAG 2.2 Kontrast — Luminanz und Verhältnis per Formel
A3: Schwelle Normaltext AA | B3: 4.5
A4: sRGB: C<=0,04045 → C/12,92 sonst ((C+0,055)/1,055)^2,4; L=0,2126R+0,7152G+0,0722B; Ratio=(Lhell+0,05)/(Ldunkel+0,05)
A6: Token | B6: Hex | C6: R | D6: G | E6: B | F6: Luminanz | G6: Rolle
A7: danger (neu) | B7: D97868 | C7: =HEX2DEC(LEFT(B7,2)) | D7: =HEX2DEC(MID(B7,3,2)) | E7: =HEX2DEC(RIGHT(B7,2)) | F7: =0.2126*IF(C7/255<=0.04045,C7/255/12.92,((C7/255+0.055)/1.055)^2.4)+0.7152*IF(D7/255<=0.04045,D7/255/12.92,((D7/255+0.055)/1.055)^2.4)+0.0722*IF(E7/255<=0.04045,E7/255/12.92,((E7/255+0.055)/1.055)^2.4) | G7: Vordergrund
A8: danger (alt, Vergleich) | B8: C45C4A | C8: =HEX2DEC(LEFT(B8,2)) | D8: =HEX2DEC(MID(B8,3,2)) | E8: =HEX2DEC(RIGHT(B8,2)) | F8: =0.2126*IF(C8/255<=0.04045,C8/255/12.92,((C8/255+0.055)/1.055)^2.4)+0.7152*IF(D8/255<=0.04045,D8/255/12.92,((D8/255+0.055)/1.055)^2.4)+0.0722*IF(E8/255<=0.04045,E8/255/12.92,((E8/255+0.055)/1.055)^2.4) | G8: Referenz alt
A9: fg | B9: F4EFE6 | C9: =HEX2DEC(LEFT(B9,2)) | D9: =HEX2DEC(MID(B9,3,2)) | E9: =HEX2DEC(RIGHT(B9,2)) | F9: =0.2126*IF(C9/255<=0.04045,C9/255/12.92,((C9/255+0.055)/1.055)^2.4)+0.7152*IF(D9/255<=0.04045,D9/255/12.92,((D9/255+0.055)/1.055)^2.4)+0.0722*IF(E9/255<=0.04045,E9/255/12.92,((E9/255+0.055)/1.055)^2.4) | G9: Vordergrund
A10: muted | B10: C4BDB3 | C10: =HEX2DEC(LEFT(B10,2)) | D10: =HEX2DEC(MID(B10,3,2)) | E10: =HEX2DEC(RIGHT(B10,2)) | F10: =0.2126*IF(C10/255<=0.04045,C10/255/12.92,((C10/255+0.055)/1.055)^2.4)+0.7152*IF(D10/255<=0.04045,D10/255/12.92,((D10/255+0.055)/1.055)^2.4)+0.0722*IF(E10/255<=0.04045,E10/255/12.92,((E10/255+0.055)/1.055)^2.4) | G10: Vordergrund
A11: subtle | B11: 9A948A | C11: =HEX2DEC(LEFT(B11,2)) | D11: =HEX2DEC(MID(B11,3,2)) | E11: =HEX2DEC(RIGHT(B11,2)) | F11: =0.2126*IF(C11/255<=0.04045,C11/255/12.92,((C11/255+0.055)/1.055)^2.4)+0.7152*IF(D11/255<=0.04045,D11/255/12.92,((D11/255+0.055)/1.055)^2.4)+0.0722*IF(E11/255<=0.04045,E11/255/12.92,((E11/255+0.055)/1.055)^2.4) | G11: Vordergrund
A12: bg | B12: 0C0C0D | C12: =HEX2DEC(LEFT(B12,2)) | D12: =HEX2DEC(MID(B12,3,2)) | E12: =HEX2DEC(RIGHT(B12,2)) | F12: =0.2126*IF(C12/255<=0.04045,C12/255/12.92,((C12/255+0.055)/1.055)^2.4)+0.7152*IF(D12/255<=0.04045,D12/255/12.92,((D12/255+0.055)/1.055)^2.4)+0.0722*IF(E12/255<=0.04045,E12/255/12.92,((E12/255+0.055)/1.055)^2.4) | G12: Hintergrund
A13: surface | B13: 141416 | C13: =HEX2DEC(LEFT(B13,2)) | D13: =HEX2DEC(MID(B13,3,2)) | E13: =HEX2DEC(RIGHT(B13,2)) | F13: =0.2126*IF(C13/255<=0.04045,C13/255/12.92,((C13/255+0.055)/1.055)^2.4)+0.7152*IF(D13/255<=0.04045,D13/255/12.92,((D13/255+0.055)/1.055)^2.4)+0.0722*IF(E13/255<=0.04045,E13/255/12.92,((E13/255+0.055)/1.055)^2.4) | G13: Hintergrund
A14: elevated | B14: 1C1C20 | C14: =HEX2DEC(LEFT(B14,2)) | D14: =HEX2DEC(MID(B14,3,2)) | E14: =HEX2DEC(RIGHT(B14,2)) | F14: =0.2126*IF(C14/255<=0.04045,C14/255/12.92,((C14/255+0.055)/1.055)^2.4)+0.7152*IF(D14/255<=0.04045,D14/255/12.92,((D14/255+0.055)/1.055)^2.4)+0.0722*IF(E14/255<=0.04045,E14/255/12.92,((E14/255+0.055)/1.055)^2.4) | G14: Hintergrund
A16: Vordergrund | B16: Hex FG | C16: Hintergrund | D16: Hex BG | E16: Kontrast | F16: AA ≥ Schwelle | G16: Alt-Kontrast
A17: danger neu | B17: D97868 | C17: bg | D17: 0C0C0D | E17: =(MAX(0.2126*IF(HEX2DEC(LEFT(B17,2))/255<=0.04045,HEX2DEC(LEFT(B17,2))/255/12.92,((HEX2DEC(LEFT(B17,2))/255+0.055)/1.055)^2.4)+0.7152*IF(HEX2DEC(MID(B17,3,2))/255<=0.04045,HEX2DEC(MID(B17,3,2))/255/12.92,((HEX2DEC(MID(B17,3,2))/255+0.055)/1.055)^2.4)+0.0722*IF(HEX2DEC(RIGHT(B17,2))/255<=0.04045,HEX2DEC(RIGHT(B17,2))/255/12.92,((HEX2DEC(RIGHT(B17,2))/255+0.055)/1.055)^2.4),0.2126*IF(HEX2DEC(LEFT(D17,2))/255<=0.04045,HEX2DEC(LEFT(D17,2))/255/12.92,((HEX2DEC(LEFT(D17,2))/255+0.055)/1.055)^2.4)+0.7152*IF(HEX2DEC(MID(D17,3,2))/255<=0.04045,HEX2DEC(MID(D17,3,2))/255/12.92,((HEX2DEC(MID(D17,3,2))/255+0.055)/1.055)^2.4)+0.0722*IF(HEX2DEC(RIGHT(D17,2))/255<=0.04045,HEX2DEC(RIGHT(D17,2))/255/12.92,((HEX2DEC(RIGHT(D17,2))/255+0.055)/1.055)^2.4))+0.05)/(MIN(0.2126*IF(HEX2DEC(LEFT(B17,2))/255<=0.04045,HEX2DEC(LEFT(B17,2))/255/12.92,((HEX2DEC(LEFT(B17,2))/255+0.055)/1.055)^2.4)+0.7152*IF(HEX2DEC(MID(B17,3,2))/255<=0.04045,HEX2DEC(MID(B17,3,2))/255/12.92,((HEX2DEC(MID(B17,3,2))/255+0.055)/1.055)^2.4)+0.0722*IF(HEX2DEC(RIGHT(B17,2))/255<=0.04045,HEX2DEC(RIGHT(B17,2))/255/12.92,((HEX2DEC(RIGHT(B17,2))/255+0.055)/1.055)^2.4),0.2126*IF(HEX2DEC(LEFT(D17,2))/255<=0.04045,HEX2DEC(LEFT(D17,2))/255/12.92,((HEX2DEC(LEFT(D17,2))/255+0.055)/1.055)^2.4)+0.7152*IF(HEX2DEC(MID(D17,3,2))/255<=0.04045,HEX2DEC(MID(D17,3,2))/255/12.92,((HEX2DEC(MID(D17,3,2))/255+0.055)/1.055)^2.4)+0.0722*IF(HEX2DEC(RIGHT(D17,2))/255<=0.04045,HEX2DEC(RIGHT(D17,2))/255/12.92,((HEX2DEC(RIGHT(D17,2))/255+0.055)/1.055)^2.4))+0.05) | F17: =IF(E17>=$B$3,"PASS","FAIL")
A18: danger neu | B18: D97868 | C18: surface | D18: 141416 | E18: =(MAX(0.2126*IF(HEX2DEC(LEFT(B18,2))/255<=0.04045,HEX2DEC(LEFT(B18,2))/255/12.92,((HEX2DEC(LEFT(B18,2))/255+0.055)/1.055)^2.4)+0.7152*IF(HEX2DEC(MID(B18,3,2))/255<=0.04045,HEX2DEC(MID(B18,3,2))/255/12.92,((HEX2DEC(MID(B18,3,2))/255+0.055)/1.055)^2.4)+0.0722*IF(HEX2DEC(RIGHT(B18,2))/255<=0.04045,HEX2DEC(RIGHT(B18,2))/255/12.92,((HEX2DEC(RIGHT(B18,2))/255+0.055)/1.055)^2.4),0.2126*IF(HEX2DEC(LEFT(D18,2))/255<=0.04045,HEX2DEC(LEFT(D18,2))/255/12.92,((HEX2DEC(LEFT(D18,2))/255+0.055)/1.055)^2.4)+0.7152*IF(HEX2DEC(MID(D18,3,2))/255<=0.04045,HEX2DEC(MID(D18,3,2))/255/12.92,((HEX2DEC(MID(D18,3,2))/255+0.055)/1.055)^2.4)+0.0722*IF(HEX2DEC(RIGHT(D18,2))/255<=0.04045,HEX2DEC(RIGHT(D18,2))/255/12.92,((HEX2DEC(RIGHT(D18,2))/255+0.055)/1.055)^2.4))+0.05)/(MIN(0.2126*IF(HEX2DEC(LEFT(B18,2))/255<=0.04045,HEX2DEC(LEFT(B18,2))/255/12.92,((HEX2DEC(LEFT(B18,2))/255+0.055)/1.055)^2.4)+0.7152*IF(HEX2DEC(MID(B18,3,2))/255<=0.04045,HEX2DEC(MID(B18,3,2))/255/12.92,((HEX2DEC(MID(B18,3,2))/255+0.055)/1.055)^2.4)+0.0722*IF(HEX2DEC(RIGHT(B18,2))/255<=0.04045,HEX2DEC(RIGHT(B18,2))/255/12.92,((HEX2DEC(RIGHT(B18,2))/255+0.055)/1.055)^2.4),0.2126*IF(HEX2DEC(LEFT(D18,2))/255<=0.04045,HEX2DEC(LEFT(D18,2))/255/12.92,((HEX2DEC(LEFT(D18,2))/255+0.055)/1.055)^2.4)+0.7152*IF(HEX2DEC(MID(D18,3,2))/255<=0.04045,HEX2DEC(MID(D18,3,2))/255/12.92,((HEX2DEC(MID(D18,3,2))/255+0.055)/1.055)^2.4)+0.0722*IF(HEX2DEC(RIGHT(D18,2))/255<=0.04045,HEX2DEC(RIGHT(D18,2))/255/12.92,((HEX2DEC(RIGHT(D18,2))/255+0.055)/1.055)^2.4))+0.05) | F18: =IF(E18>=$B$3,"PASS","FAIL")
A19: danger neu | B19: D97868 | C19: elevated | D19: 1C1C20 | E19: =(MAX(0.2126*IF(HEX2DEC(LEFT(B19,2))/255<=0.04045,HEX2DEC(LEFT(B19,2))/255/12.92,((HEX2DEC(LEFT(B19,2))/255+0.055)/1.055)^2.4)+0.7152*IF(HEX2DEC(MID(B19,3,2))/255<=0.04045,HEX2DEC(MID(B19,3,2))/255/12.92,((HEX2DEC(MID(B19,3,2))/255+0.055)/1.055)^2.4)+0.0722*IF(HEX2DEC(RIGHT(B19,2))/255<=0.04045,HEX2DEC(RIGHT(B19,2))/255/12.92,((HEX2DEC(RIGHT(B19,2))/255+0.055)/1.055)^2.4),0.2126*IF(HEX2DEC(LEFT(D19,2))/255<=0.04045,HEX2DEC(LEFT(D19,2))/255/12.92,((HEX2DEC(LEFT(D19,2))/255+0.055)/1.055)^2.4)+0.7152*IF(HEX2DEC(MID(D19,3,2))/255<=0.04045,HEX2DEC(MID(D19,3,2))/255/12.92,((HEX2DEC(MID(D19,3,2))/255+0.055)/1.055)^2.4)+0.0722*IF(HEX2DEC(RIGHT(D19,2))/255<=0.04045,HEX2DEC(RIGHT(D19,2))/255/12.92,((HEX2DEC(RIGHT(D19,2))/255+0.055)/1.055)^2.4))+0.05)/(MIN(0.2126*IF(HEX2DEC(LEFT(B19,2))/255<=0.04045,HEX2DEC(LEFT(B19,2))/255/12.92,((HEX2DEC(LEFT(B19,2))/255+0.055)/1.055)^2.4)+0.7152*IF(HEX2DEC(MID(B19,3,2))/255<=0.04045,HEX2DEC(MID(B19,3,2))/255/12.92,((HEX2DEC(MID(B19,3,2))/255+0.055)/1.055)^2.4)+0.0722*IF(HEX2DEC(RIGHT(B19,2))/255<=0.04045,HEX2DEC(RIGHT(B19,2))/255/12.92,((HEX2DEC(RIGHT(B19,2))/255+0.055)/1.055)^2.4),0.2126*IF(HEX2DEC(LEFT(D19,2))/255<=0.04045,HEX2DEC(LEFT(D19,2))/255/12.92,((HEX2DEC(LEFT(D19,2))/255+0.055)/1.055)^2.4)+0.7152*IF(HEX2DEC(MID(D19,3,2))/255<=0.04045,HEX2DEC(MID(D19,3,2))/255/12.92,((HEX2DEC(MID(D19,3,2))/255+0.055)/1.055)^2.4)+0.0722*IF(HEX2DEC(RIGHT(D19,2))/255<=0.04045,HEX2DEC(RIGHT(D19,2))/255/12.92,((HEX2DEC(RIGHT(D19,2))/255+0.055)/1.055)^2.4))+0.05) | F19: =IF(E19>=$B$3,"PASS","FAIL")
A20: fg | B20: F4EFE6 | C20: bg | D20: 0C0C0D | E20: =(MAX(0.2126*IF(HEX2DEC(LEFT(B20,2))/255<=0.04045,HEX2DEC(LEFT(B20,2))/255/12.92,((HEX2DEC(LEFT(B20,2))/255+0.055)/1.055)^2.4)+0.7152*IF(HEX2DEC(MID(B20,3,2))/255<=0.04045,HEX2DEC(MID(B20,3,2))/255/12.92,((HEX2DEC(MID(B20,3,2))/255+0.055)/1.055)^2.4)+0.0722*IF(HEX2DEC(RIGHT(B20,2))/255<=0.04045,HEX2DEC(RIGHT(B20,2))/255/12.92,((HEX2DEC(RIGHT(B20,2))/255+0.055)/1.055)^2.4),0.2126*IF(HEX2DEC(LEFT(D20,2))/255<=0.04045,HEX2DEC(LEFT(D20,2))/255/12.92,((HEX2DEC(LEFT(D20,2))/255+0.055)/1.055)^2.4)+0.7152*IF(HEX2DEC(MID(D20,3,2))/255<=0.04045,HEX2DEC(MID(D20,3,2))/255/12.92,((HEX2DEC(MID(D20,3,2))/255+0.055)/1.055)^2.4)+0.0722*IF(HEX2DEC(RIGHT(D20,2))/255<=0.04045,HEX2DEC(RIGHT(D20,2))/255/12.92,((HEX2DEC(RIGHT(D20,2))/255+0.055)/1.055)^2.4))+0.05)/(MIN(0.2126*IF(HEX2DEC(LEFT(B20,2))/255<=0.04045,HEX2DEC(LEFT(B20,2))/255/12.92,((HEX2DEC(LEFT(B20,2))/255+0.055)/1.055)^2.4)+0.7152*IF(HEX2DEC(MID(B20,3,2))/255<=0.04045,HEX2DEC(MID(B20,3,2))/255/12.92,((HEX2DEC(MID(B20,3,2))/255+0.055)/1.055)^2.4)+0.0722*IF(HEX2DEC(RIGHT(B20,2))/255<=0.04045,HEX2DEC(RIGHT(B20,2))/255/12.92,((HEX2DEC(RIGHT(B20,2))/255+0.055)/1.055)^2.4),0.2126*IF(HEX2DEC(LEFT(D20,2))/255<=0.04045,HEX2DEC(LEFT(D20,2))/255/12.92,((HEX2DEC(LEFT(D20,2))/255+0.055)/1.055)^2.4)+0.7152*IF(HEX2DEC(MID(D20,3,2))/255<=0.04045,HEX2DEC(MID(D20,3,2))/255/12.92,((HEX2DEC(MID(D20,3,2))/255+0.055)/1.055)^2.4)+0.0722*IF(HEX2DEC(RIGHT(D20,2))/255<=0.04045,HEX2DEC(RIGHT(D20,2))/255/12.92,((HEX2DEC(RIGHT(D20,2))/255+0.055)/1.055)^2.4))+0.05) | F20: =IF(E20>=$B$3,"PASS","FAIL") | G20: —
A21: muted | B21: C4BDB3 | C21: bg | D21: 0C0C0D | E21: =(MAX(0.2126*IF(HEX2DEC(LEFT(B21,2))/255<=0.04045,HEX2DEC(LEFT(B21,2))/255/12.92,((HEX2DEC(LEFT(B21,2))/255+0.055)/1.055)^2.4)+0.7152*IF(HEX2DEC(MID(B21,3,2))/255<=0.04045,HEX2DEC(MID(B21,3,2))/255/12.92,((HEX2DEC(MID(B21,3,2))/255+0.055)/1.055)^2.4)+0.0722*IF(HEX2DEC(RIGHT(B21,2))/255<=0.04045,HEX2DEC(RIGHT(B21,2))/255/12.92,((HEX2DEC(RIGHT(B21,2))/255+0.055)/1.055)^2.4),0.2126*IF(HEX2DEC(LEFT(D21,2))/255<=0.04045,HEX2DEC(LEFT(D21,2))/255/12.92,((HEX2DEC(LEFT(D21,2))/255+0.055)/1.055)^2.4)+0.7152*IF(HEX2DEC(MID(D21,3,2))/255<=0.04045,HEX2DEC(MID(D21,3,2))/255/12.92,((HEX2DEC(MID(D21,3,2))/255+0.055)/1.055)^2.4)+0.0722*IF(HEX2DEC(RIGHT(D21,2))/255<=0.04045,HEX2DEC(RIGHT(D21,2))/255/12.92,((HEX2DEC(RIGHT(D21,2))/255+0.055)/1.055)^2.4))+0.05)/(MIN(0.2126*IF(HEX2DEC(LEFT(B21,2))/255<=0.04045,HEX2DEC(LEFT(B21,2))/255/12.92,((HEX2DEC(LEFT(B21,2))/255+0.055)/1.055)^2.4)+0.7152*IF(HEX2DEC(MID(B21,3,2))/255<=0.04045,HEX2DEC(MID(B21,3,2))/255/12.92,((HEX2DEC(MID(B21,3,2))/255+0.055)/1.055)^2.4)+0.0722*IF(HEX2DEC(RIGHT(B21,2))/255<=0.04045,HEX2DEC(RIGHT(B21,2))/255/12.92,((HEX2DEC(RIGHT(B21,2))/255+0.055)/1.055)^2.4),0.2126*IF(HEX2DEC(LEFT(D21,2))/255<=0.04045,HEX2DEC(LEFT(D21,2))/255/12.92,((HEX2DEC(LEFT(D21,2))/255+0.055)/1.055)^2.4)+0.7152*IF(HEX2DEC(MID(D21,3,2))/255<=0.04045,HEX2DEC(MID(D21,3,2))/255/12.92,((HEX2DEC(MID(D21,3,2))/255+0.055)/1.055)^2.4)+0.0722*IF(HEX2DEC(RIGHT(D21,2))/255<=0.04045,HEX2DEC(RIGHT(D21,2))/255/12.92,((HEX2DEC(RIGHT(D21,2))/255+0.055)/1.055)^2.4))+0.05) | F21: =IF(E21>=$B$3,"PASS","FAIL") | G21: —
A22: subtle | B22: 9A948A | C22: bg | D22: 0C0C0D | E22: =(MAX(0.2126*IF(HEX2DEC(LEFT(B22,2))/255<=0.04045,HEX2DEC(LEFT(B22,2))/255/12.92,((HEX2DEC(LEFT(B22,2))/255+0.055)/1.055)^2.4)+0.7152*IF(HEX2DEC(MID(B22,3,2))/255<=0.04045,HEX2DEC(MID(B22,3,2))/255/12.92,((HEX2DEC(MID(B22,3,2))/255+0.055)/1.055)^2.4)+0.0722*IF(HEX2DEC(RIGHT(B22,2))/255<=0.04045,HEX2DEC(RIGHT(B22,2))/255/12.92,((HEX2DEC(RIGHT(B22,2))/255+0.055)/1.055)^2.4),0.2126*IF(HEX2DEC(LEFT(D22,2))/255<=0.04045,HEX2DEC(LEFT(D22,2))/255/12.92,((HEX2DEC(LEFT(D22,2))/255+0.055)/1.055)^2.4)+0.7152*IF(HEX2DEC(MID(D22,3,2))/255<=0.04045,HEX2DEC(MID(D22,3,2))/255/12.92,((HEX2DEC(MID(D22,3,2))/255+0.055)/1.055)^2.4)+0.0722*IF(HEX2DEC(RIGHT(D22,2))/255<=0.04045,HEX2DEC(RIGHT(D22,2))/255/12.92,((HEX2DEC(RIGHT(D22,2))/255+0.055)/1.055)^2.4))+0.05)/(MIN(0.2126*IF(HEX2DEC(LEFT(B22,2))/255<=0.04045,HEX2DEC(LEFT(B22,2))/255/12.92,((HEX2DEC(LEFT(B22,2))/255+0.055)/1.055)^2.4)+0.7152*IF(HEX2DEC(MID(B22,3,2))/255<=0.04045,HEX2DEC(MID(B22,3,2))/255/12.92,((HEX2DEC(MID(B22,3,2))/255+0.055)/1.055)^2.4)+0.0722*IF(HEX2DEC(RIGHT(B22,2))/255<=0.04045,HEX2DEC(RIGHT(B22,2))/255/12.92,((HEX2DEC(RIGHT(B22,2))/255+0.055)/1.055)^2.4),0.2126*IF(HEX2DEC(LEFT(D22,2))/255<=0.04045,HEX2DEC(LEFT(D22,2))/255/12.92,((HEX2DEC(LEFT(D22,2))/255+0.055)/1.055)^2.4)+0.7152*IF(HEX2DEC(MID(D22,3,2))/255<=0.04045,HEX2DEC(MID(D22,3,2))/255/12.92,((HEX2DEC(MID(D22,3,2))/255+0.055)/1.055)^2.4)+0.0722*IF(HEX2DEC(RIGHT(D22,2))/255<=0.04045,HEX2DEC(RIGHT(D22,2))/255/12.92,((HEX2DEC(RIGHT(D22,2))/255+0.055)/1.055)^2.4))+0.05) | F22: =IF(E22>=$B$3,"PASS","FAIL") | G22: —
A23: muted | B23: C4BDB3 | C23: surface | D23: 141416 | E23: =(MAX(0.2126*IF(HEX2DEC(LEFT(B23,2))/255<=0.04045,HEX2DEC(LEFT(B23,2))/255/12.92,((HEX2DEC(LEFT(B23,2))/255+0.055)/1.055)^2.4)+0.7152*IF(HEX2DEC(MID(B23,3,2))/255<=0.04045,HEX2DEC(MID(B23,3,2))/255/12.92,((HEX2DEC(MID(B23,3,2))/255+0.055)/1.055)^2.4)+0.0722*IF(HEX2DEC(RIGHT(B23,2))/255<=0.04045,HEX2DEC(RIGHT(B23,2))/255/12.92,((HEX2DEC(RIGHT(B23,2))/255+0.055)/1.055)^2.4),0.2126*IF(HEX2DEC(LEFT(D23,2))/255<=0.04045,HEX2DEC(LEFT(D23,2))/255/12.92,((HEX2DEC(LEFT(D23,2))/255+0.055)/1.055)^2.4)+0.7152*IF(HEX2DEC(MID(D23,3,2))/255<=0.04045,HEX2DEC(MID(D23,3,2))/255/12.92,((HEX2DEC(MID(D23,3,2))/255+0.055)/1.055)^2.4)+0.0722*IF(HEX2DEC(RIGHT(D23,2))/255<=0.04045,HEX2DEC(RIGHT(D23,2))/255/12.92,((HEX2DEC(RIGHT(D23,2))/255+0.055)/1.055)^2.4))+0.05)/(MIN(0.2126*IF(HEX2DEC(LEFT(B23,2))/255<=0.04045,HEX2DEC(LEFT(B23,2))/255/12.92,((HEX2DEC(LEFT(B23,2))/255+0.055)/1.055)^2.4)+0.7152*IF(HEX2DEC(MID(B23,3,2))/255<=0.04045,HEX2DEC(MID(B23,3,2))/255/12.92,((HEX2DEC(MID(B23,3,2))/255+0.055)/1.055)^2.4)+0.0722*IF(HEX2DEC(RIGHT(B23,2))/255<=0.04045,HEX2DEC(RIGHT(B23,2))/255/12.92,((HEX2DEC(RIGHT(B23,2))/255+0.055)/1.055)^2.4),0.2126*IF(HEX2DEC(LEFT(D23,2))/255<=0.04045,HEX2DEC(LEFT(D23,2))/255/12.92,((HEX2DEC(LEFT(D23,2))/255+0.055)/1.055)^2.4)+0.7152*IF(HEX2DEC(MID(D23,3,2))/255<=0.04045,HEX2DEC(MID(D23,3,2))/255/12.92,((HEX2DEC(MID(D23,3,2))/255+0.055)/1.055)^2.4)+0.0722*IF(HEX2DEC(RIGHT(D23,2))/255<=0.04045,HEX2DEC(RIGHT(D23,2))/255/12.92,((HEX2DEC(RIGHT(D23,2))/255+0.055)/1.055)^2.4))+0.05) | F23: =IF(E23>=$B$3,"PASS","FAIL") | G23: —
A24: subtle | B24: 9A948A | C24: surface | D24: 141416 | E24: =(MAX(0.2126*IF(HEX2DEC(LEFT(B24,2))/255<=0.04045,HEX2DEC(LEFT(B24,2))/255/12.92,((HEX2DEC(LEFT(B24,2))/255+0.055)/1.055)^2.4)+0.7152*IF(HEX2DEC(MID(B24,3,2))/255<=0.04045,HEX2DEC(MID(B24,3,2))/255/12.92,((HEX2DEC(MID(B24,3,2))/255+0.055)/1.055)^2.4)+0.0722*IF(HEX2DEC(RIGHT(B24,2))/255<=0.04045,HEX2DEC(RIGHT(B24,2))/255/12.92,((HEX2DEC(RIGHT(B24,2))/255+0.055)/1.055)^2.4),0.2126*IF(HEX2DEC(LEFT(D24,2))/255<=0.04045,HEX2DEC(LEFT(D24,2))/255/12.92,((HEX2DEC(LEFT(D24,2))/255+0.055)/1.055)^2.4)+0.7152*IF(HEX2DEC(MID(D24,3,2))/255<=0.04045,HEX2DEC(MID(D24,3,2))/255/12.92,((HEX2DEC(MID(D24,3,2))/255+0.055)/1.055)^2.4)+0.0722*IF(HEX2DEC(RIGHT(D24,2))/255<=0.04045,HEX2DEC(RIGHT(D24,2))/255/12.92,((HEX2DEC(RIGHT(D24,2))/255+0.055)/1.055)^2.4))+0.05)/(MIN(0.2126*IF(HEX2DEC(LEFT(B24,2))/255<=0.04045,HEX2DEC(LEFT(B24,2))/255/12.92,((HEX2DEC(LEFT(B24,2))/255+0.055)/1.055)^2.4)+0.7152*IF(HEX2DEC(MID(B24,3,2))/255<=0.04045,HEX2DEC(MID(B24,3,2))/255/12.92,((HEX2DEC(MID(B24,3,2))/255+0.055)/1.055)^2.4)+0.0722*IF(HEX2DEC(RIGHT(B24,2))/255<=0.04045,HEX2DEC(RIGHT(B24,2))/255/12.92,((HEX2DEC(RIGHT(B24,2))/255+0.055)/1.055)^2.4),0.2126*IF(HEX2DEC(LEFT(D24,2))/255<=0.04045,HEX2DEC(LEFT(D24,2))/255/12.92,((HEX2DEC(LEFT(D24,2))/255+0.055)/1.055)^2.4)+0.7152*IF(HEX2DEC(MID(D24,3,2))/255<=0.04045,HEX2DEC(MID(D24,3,2))/255/12.92,((HEX2DEC(MID(D24,3,2))/255+0.055)/1.055)^2.4)+0.0722*IF(HEX2DEC(RIGHT(D24,2))/255<=0.04045,HEX2DEC(RIGHT(D24,2))/255/12.92,((HEX2DEC(RIGHT(D24,2))/255+0.055)/1.055)^2.4))+0.05) | F24: =IF(E24>=$B$3,"PASS","FAIL") | G24: —
A25: muted | B25: C4BDB3 | C25: elevated | D25: 1C1C20 | E25: =(MAX(0.2126*IF(HEX2DEC(LEFT(B25,2))/255<=0.04045,HEX2DEC(LEFT(B25,2))/255/12.92,((HEX2DEC(LEFT(B25,2))/255+0.055)/1.055)^2.4)+0.7152*IF(HEX2DEC(MID(B25,3,2))/255<=0.04045,HEX2DEC(MID(B25,3,2))/255/12.92,((HEX2DEC(MID(B25,3,2))/255+0.055)/1.055)^2.4)+0.0722*IF(HEX2DEC(RIGHT(B25,2))/255<=0.04045,HEX2DEC(RIGHT(B25,2))/255/12.92,((HEX2DEC(RIGHT(B25,2))/255+0.055)/1.055)^2.4),0.2126*IF(HEX2DEC(LEFT(D25,2))/255<=0.04045,HEX2DEC(LEFT(D25,2))/255/12.92,((HEX2DEC(LEFT(D25,2))/255+0.055)/1.055)^2.4)+0.7152*IF(HEX2DEC(MID(D25,3,2))/255<=0.04045,HEX2DEC(MID(D25,3,2))/255/12.92,((HEX2DEC(MID(D25,3,2))/255+0.055)/1.055)^2.4)+0.0722*IF(HEX2DEC(RIGHT(D25,2))/255<=0.04045,HEX2DEC(RIGHT(D25,2))/255/12.92,((HEX2DEC(RIGHT(D25,2))/255+0.055)/1.055)^2.4))+0.05)/(MIN(0.2126*IF(HEX2DEC(LEFT(B25,2))/255<=0.04045,HEX2DEC(LEFT(B25,2))/255/12.92,((HEX2DEC(LEFT(B25,2))/255+0.055)/1.055)^2.4)+0.7152*IF(HEX2DEC(MID(B25,3,2))/255<=0.04045,HEX2DEC(MID(B25,3,2))/255/12.92,((HEX2DEC(MID(B25,3,2))/255+0.055)/1.055)^2.4)+0.0722*IF(HEX2DEC(RIGHT(B25,2))/255<=0.04045,HEX2DEC(RIGHT(B25,2))/255/12.92,((HEX2DEC(RIGHT(B25,2))/255+0.055)/1.055)^2.4),0.2126*IF(HEX2DEC(LEFT(D25,2))/255<=0.04045,HEX2DEC(LEFT(D25,2))/255/12.92,((HEX2DEC(LEFT(D25,2))/255+0.055)/1.055)^2.4)+0.7152*IF(HEX2DEC(MID(D25,3,2))/255<=0.04045,HEX2DEC(MID(D25,3,2))/255/12.92,((HEX2DEC(MID(D25,3,2))/255+0.055)/1.055)^2.4)+0.0722*IF(HEX2DEC(RIGHT(D25,2))/255<=0.04045,HEX2DEC(RIGHT(D25,2))/255/12.92,((HEX2DEC(RIGHT(D25,2))/255+0.055)/1.055)^2.4))+0.05) | F25: =IF(E25>=$B$3,"PASS","FAIL") | G25: —
A26: subtle | B26: 9A948A | C26: elevated | D26: 1C1C20 | E26: =(MAX(0.2126*IF(HEX2DEC(LEFT(B26,2))/255<=0.04045,HEX2DEC(LEFT(B26,2))/255/12.92,((HEX2DEC(LEFT(B26,2))/255+0.055)/1.055)^2.4)+0.7152*IF(HEX2DEC(MID(B26,3,2))/255<=0.04045,HEX2DEC(MID(B26,3,2))/255/12.92,((HEX2DEC(MID(B26,3,2))/255+0.055)/1.055)^2.4)+0.0722*IF(HEX2DEC(RIGHT(B26,2))/255<=0.04045,HEX2DEC(RIGHT(B26,2))/255/12.92,((HEX2DEC(RIGHT(B26,2))/255+0.055)/1.055)^2.4),0.2126*IF(HEX2DEC(LEFT(D26,2))/255<=0.04045,HEX2DEC(LEFT(D26,2))/255/12.92,((HEX2DEC(LEFT(D26,2))/255+0.055)/1.055)^2.4)+0.7152*IF(HEX2DEC(MID(D26,3,2))/255<=0.04045,HEX2DEC(MID(D26,3,2))/255/12.92,((HEX2DEC(MID(D26,3,2))/255+0.055)/1.055)^2.4)+0.0722*IF(HEX2DEC(RIGHT(D26,2))/255<=0.04045,HEX2DEC(RIGHT(D26,2))/255/12.92,((HEX2DEC(RIGHT(D26,2))/255+0.055)/1.055)^2.4))+0.05)/(MIN(0.2126*IF(HEX2DEC(LEFT(B26,2))/255<=0.04045,HEX2DEC(LEFT(B26,2))/255/12.92,((HEX2DEC(LEFT(B26,2))/255+0.055)/1.055)^2.4)+0.7152*IF(HEX2DEC(MID(B26,3,2))/255<=0.04045,HEX2DEC(MID(B26,3,2))/255/12.92,((HEX2DEC(MID(B26,3,2))/255+0.055)/1.055)^2.4)+0.0722*IF(HEX2DEC(RIGHT(B26,2))/255<=0.04045,HEX2DEC(RIGHT(B26,2))/255/12.92,((HEX2DEC(RIGHT(B26,2))/255+0.055)/1.055)^2.4),0.2126*IF(HEX2DEC(LEFT(D26,2))/255<=0.04045,HEX2DEC(LEFT(D26,2))/255/12.92,((HEX2DEC(LEFT(D26,2))/255+0.055)/1.055)^2.4)+0.7152*IF(HEX2DEC(MID(D26,3,2))/255<=0.04045,HEX2DEC(MID(D26,3,2))/255/12.92,((HEX2DEC(MID(D26,3,2))/255+0.055)/1.055)^2.4)+0.0722*IF(HEX2DEC(RIGHT(D26,2))/255<=0.04045,HEX2DEC(RIGHT(D26,2))/255/12.92,((HEX2DEC(RIGHT(D26,2))/255+0.055)/1.055)^2.4))+0.05) | F26: =IF(E26>=$B$3,"PASS","FAIL") | G26: —
A28: Paare bestanden | B28: =COUNTIF(F17:F26,"PASS")
A29: Paare gesamt | B29: =COUNTA(F17:F26)
A30: Quote AA | B30: =IF(B29=0,0,B28/B29)

Sheet Dateien
A1: Nachzug — geänderte Dateien, ohne .env
A5: Pfad | B5: Art | C5: Rolle im Audit | D5: Im Commit | E5: Bemerkung
A6: .github/workflows/lighthouse-audit.yml | B6: CI | C6: server/** in path filter | D6: ja
A7: package.json | B7: Build | C7: operator.test im test-Script | D7: ja
A8: scripts/smoke-production.mjs | B8: QA | C8: 10 km 20, Preise, Signup-Verbot | D8: ja
A9: scripts/build-audit-xlsx.py | B9: QA | C9: dieser Bericht | D9: ja
A10: server/security-headers.ts | B10: Security | C10: grok.com + dns-prefetch off | D10: ja
A11: src/lib/operator.ts | B11: Authz | C11: Allowlist + Enforce | D11: ja | E11: neu
A12: src/lib/operator-middleware.ts | B12: Authz | C12: nach authMiddleware | D12: ja | E12: neu
A13: src/lib/operator.test.ts | B13: Test | C13: Allowlist | D13: ja | E13: neu
A14: src/lib/auth/email-password.ts | B14: Auth | C14: emailSignUpEnabled=false | D14: ja
A15: src/lib/auth/server.ts | B15: Auth | C15: disableSignUp | D15: ja | E15: eine Zeile, Sicherheitsfix
A16: src/routes/login.tsx | B16: UI | C16: keine Registrierung, main-content | D16: ja
A17: src/routes/admin.tsx | B17: UI | C17: Kein Betriebszugang | D17: ja
A18: src/lib/admin.functions.ts | B18: Backend | C18: operatorMiddleware, Same-Site, getOperatorAccess | D18: ja
A19: src/lib/bookings.functions.ts | B19: Backend | C19: Same-Site, on-request-Notiz, Foto Name/Tel | D19: ja
A20: src/lib/cms.functions.ts | B20: Backend | C20: operatorMiddleware | D20: ja
A21: src/lib/backup.functions.ts | B21: Backend | C21: operatorMiddleware | D21: ja
A22: src/lib/ops.ts | B22: Backend | C22: keine Kunden-WA-Queue | D22: ja
A23: src/lib/ops.test.ts | B23: Test | C23: Confirm ohne WA | D23: ja
A24: src/components/configurator.tsx | B24: UI | C24: pickupPriceText | D24: ja
A25: src/data/pickup.test.ts | B25: Test | C25: alte 20-€-Staffel + on-request | D25: ja
A26: src/routes/datenschutz.tsx | B26: Recht | C26: Instagram-Satz | D26: ja
A27: src/routes/agb.tsx | B27: Recht | C27: Stand 31.08.2026 | D27: ja
... A30: .env | B30: Secret | C30: NICHT im Commit | D30: nein
A31: Dateien im Commit | B31: =COUNTIF(D6:D30,"ja")
A32: Ausgeschlossen | B32: =COUNTIF(D6:D30,"nein")
